Timestamp,AssetTag,Name,Serial,City,Location,Building,Floor,Room,CheckStatus,RoundingMinutes,CableMgmtOK,CablingNeeded,LabelOK,CartOK,PeripheralsOK,MaintenanceType,Department,RoundingUrl,Comments,Rounded
20-04-2026 14:15,HSS-8078898,LD066343,5WLHCY3,Duncan,VIHA-DNDR-Duncan Norcross & Drinkwater Road-Main Building-1st Floor,Main Building,1,119 (W88),Inaccessible - In use by Customer,3,Yes,No,Yes,No,Yes,General Rounding,Cowichan Health & Care Plan,https://devicerounding.nttdatanucleus.com/DeviceMaintenance/Index?DeviceId=193911,,Yes
20-04-2026 14:42,HSS-8077200,LD023589,21FSQV3,Duncan,VIHA-DNDR-Duncan Norcross & Drinkwater Road-Main Building-1st Floor,Main Building,1,101 (#1 Charge Cabinet),Inaccessible - Asset not found,3,No,No,No,No,No,General Rounding,CHS (Reception),https://devicerounding.nttdatanucleus.com/DeviceMaintenance/Index?DeviceId=46374,,Yes
20-04-2026 14:42,HSS-8092703,LD023590,73GTFW3,Duncan,VIHA-DNDR-Duncan Norcross & Drinkwater Road-Main Building-1st Floor,Main Building,1,101 (#2 Charge Cabinet),Inaccessible - Asset not found,3,No,No,No,No,No,General Rounding,Duncan Community Hlth Services,https://devicerounding.nttdatanucleus.com/DeviceMaintenance/Index?DeviceId=265797,,Yes
20-04-2026 14:42,HSS-8093120,LD030756,11JHX64,Duncan,VIHA-DNDR-Duncan Norcross & Drinkwater Road-Main Building-1st Floor,Main Building,1,101 (#3 Charge Cabinet),Inaccessible - In use by Customer,3,No,No,No,No,No,General Rounding,Duncan Community Hlth Services,https://devicerounding.nttdatanucleus.com/DeviceMaintenance/Index?DeviceId=256781,,Yes
20-04-2026 14:42,HSS-8078869,LD065905,J2FHCY3,Duncan,VIHA-DNDR-Duncan Norcross & Drinkwater Road-Main Building-1st Floor,Main Building,1,101 (#4 Charge Cabinet),Inaccessible - In use by Customer,3,No,No,No,No,No,General Rounding,CHS (Reception),https://devicerounding.nttdatanucleus.com/DeviceMaintenance/Index?DeviceId=129270,,Yes
20-04-2026 14:42,HSS-8078881,LD066373,77YQ8Y3,Duncan,VIHA-DNDR-Duncan Norcross & Drinkwater Road-Main Building-1st Floor,Main Building,1,101 (#5 Charge Cabinet),Inaccessible - In use by Customer,3,No,No,No,No,No,General Rounding,CHS (Reception),https://devicerounding.nttdatanucleus.com/DeviceMaintenance/Index?DeviceId=97431,,Yes
20-04-2026 14:42,HSS-8077199,LD065898,JPTY4X3,Duncan,VIHA-DNDR-Duncan Norcross & Drinkwater Road-Main Building-1st Floor,Main Building,1,101 (#6 Charge Cabinet),Inaccessible - Asset not found,3,No,No,No,No,No,General Rounding,CHS - Community Health Services,https://devicerounding.nttdatanucleus.com/DeviceMaintenance/Index?DeviceId=64332,,Yes
20-04-2026 14:42,HSS-8077204,LD065911,10WX4X3,Duncan,VIHA-DNDR-Duncan Norcross & Drinkwater Road-Main Building-1st Floor,Main Building,1,101 (#7??? Charge Cabinet),Inaccessible - Laptop is not onsite,3,No,No,No,No,No,General Rounding,CHS - Community Health Services,https://devicerounding.nttdatanucleus.com/DeviceMaintenance/Index?DeviceId=196888,,Yes
20-04-2026 14:42,HSS-1037495,LD062047,7YDKLN3,Duncan,VIHA-DNDR-Duncan Norcross & Drinkwater Road-Main Building-1st Floor,Main Building,1,101 (#8 Charge Cabinet),Inaccessible - Laptop is not onsite,3,No,No,No,No,No,General Rounding,CHS (Reception),https://devicerounding.nttdatanucleus.com/DeviceMaintenance/Index?DeviceId=149254,,Yes
20-04-2026 15:10,HSS-1037488,LD072236,BXWJLN3,Duncan,VIHA-DNDR-Duncan Norcross & Drinkwater Road-Main Building-1st Floor,Main Building,1,104 (Chart Room),Complete,3,Yes,No,Yes,No,Yes,General Rounding,Charting,https://devicerounding.nttdatanucleus.com/DeviceMaintenance/Index?DeviceId=156489,,Yes
20-04-2026 15:11,HSS-8096174,LD031003,93ZP774,Duncan,VIHA-DNDR-Duncan Norcross & Drinkwater Road-Main Building-1st Floor,Main Building,1,119 (W85),Complete,3,Yes,No,Yes,No,Yes,General Rounding,Bio-Medical Engineering,https://devicerounding.nttdatanucleus.com/DeviceMaintenance/Index?DeviceId=273726,,Yes
20-04-2026 15:12,HSS-8065686,LD034276,86C1NN3,Duncan,VIHA-DNDR-Duncan Norcross & Drinkwater Road-Main Building-1st Floor,Main Building,1,119 (W86),Inaccessible - Asset not found,3,No,No,No,No,No,General Rounding,CHS Respiratory Therapist,https://devicerounding.nttdatanucleus.com/DeviceMaintenance/Index?DeviceId=25877,,Yes
20-04-2026 15:12,HSS-8092701,LD031358,24PZFW3,Duncan,VIHA-DNDR-Duncan Norcross & Drinkwater Road-Main Building-1st Floor,Main Building,1,119 (W87),Inaccessible - Asset not found,3,No,No,No,No,No,General Rounding,CHS Respiratory Therapist,https://devicerounding.nttdatanucleus.com/DeviceMaintenance/Index?DeviceId=265777,,Yes
20-04-2026 15:13,HSS-8065691,LD034287,8BY6NN3,Duncan,VIHA-DNDR-Duncan Norcross & Drinkwater Road-Main Building-1st Floor,Main Building,1,119 (W89),Complete,3,Yes,No,Yes,No,Yes,General Rounding,CHS - Community Health Services,https://devicerounding.nttdatanucleus.com/DeviceMaintenance/Index?DeviceId=176297,,Yes
20-04-2026 15:13,HSS-8092702,LD031354,5RHZFW3,Duncan,VIHA-DNDR-Duncan Norcross & Drinkwater Road-Main Building-1st Floor,Main Building,1,119 (W90),Complete,3,Yes,No,Yes,No,Yes,General Rounding,Cowichan Health & Care,https://devicerounding.nttdatanucleus.com/DeviceMaintenance/Index?DeviceId=265815,,Yes
20-04-2026 15:14,HSS-8078865,LD036459,8ZWQGY3,Duncan,VIHA-DNDR-Duncan Norcross & Drinkwater Road-Main Building-1st Floor,Main Building,1,120 (W100),Inaccessible - Laptop is not onsite,3,No,No,No,No,No,General Rounding,Administration,https://devicerounding.nttdatanucleus.com/DeviceMaintenance/Index?DeviceId=131590,,Yes
20-04-2026 15:15,HSS-8065692,LD031355,6472NN3,Duncan,VIHA-DNDR-Duncan Norcross & Drinkwater Road-Main Building-1st Floor,Main Building,1,120 (W101),Inaccessible - In use by Customer,3,No,No,No,No,No,General Rounding,Case Management,https://devicerounding.nttdatanucleus.com/DeviceMaintenance/Index?DeviceId=33052,,Yes
20-04-2026 15:15,HSS-8065677,LD034274,FL2KLN3,Duncan,VIHA-DNDR-Duncan Norcross & Drinkwater Road-Main Building-1st Floor,Main Building,1,120 (W102),Inaccessible - In use by Customer,3,No,No,No,No,No,General Rounding,Case Management,https://devicerounding.nttdatanucleus.com/DeviceMaintenance/Index?DeviceId=56715,,Yes
20-04-2026 15:15,HSS-1037489,LD062042,83CJLN3,Duncan,VIHA-DNDR-Duncan Norcross & Drinkwater Road-Main Building-1st Floor,Main Building,1,120 (W103),Inaccessible - In use by Customer,3,No,No,No,No,No,General Rounding,Case Management,https://devicerounding.nttdatanucleus.com/DeviceMaintenance/Index?DeviceId=150118,,Yes
20-04-2026 15:15,HSS-1048372,LD068612,48L2WH3,Duncan,VIHA-DNDR-Duncan Norcross & Drinkwater Road-Main Building-1st Floor,Main Building,1,120 (W91),Complete,3,Yes,No,Yes,No,Yes,General Rounding,Case Management,https://devicerounding.nttdatanucleus.com/DeviceMaintenance/Index?DeviceId=250740,,Yes
20-04-2026 15:15,HSS-8065678,LD034595,9886NN3,Duncan,VIHA-DNDR-Duncan Norcross & Drinkwater Road-Main Building-1st Floor,Main Building,1,120 (W93),Complete,3,Yes,No,Yes,No,Yes,General Rounding,Case Management,https://devicerounding.nttdatanucleus.com/DeviceMaintenance/Index?DeviceId=101349,,Yes
20-04-2026 15:15,HSS-8078873,LD066345,7VVP8Y3,Duncan,VIHA-DNDR-Duncan Norcross & Drinkwater Road-Main Building-1st Floor,Main Building,1,120 (W94),Complete,3,Yes,No,Yes,No,Yes,General Rounding,Case Management,https://devicerounding.nttdatanucleus.com/DeviceMaintenance/Index?DeviceId=94231,,Yes
20-04-2026 15:19,HSS-8077202,LD065901,C87Y4X3,Duncan,VIHA-DNDR-Duncan Norcross & Drinkwater Road-Main Building-1st Floor,Main Building,1,120 (W95),Complete,3,Yes,No,Yes,No,Yes,General Rounding,Case Management,https://devicerounding.nttdatanucleus.com/DeviceMaintenance/Index?DeviceId=177399,,Yes
20-04-2026 15:19,HSS-8095130,LD030492,D4NQ774,Duncan,VIHA-DNDR-Duncan Norcross & Drinkwater Road-Main Building-1st Floor,Main Building,1,120 (W96),Complete,3,Yes,No,Yes,No,Yes,General Rounding,Case Management,https://devicerounding.nttdatanucleus.com/DeviceMaintenance/Index?DeviceId=272883,,Yes
20-04-2026 15:19,HSS-8065685,LD034005,6JX2NN3,Duncan,VIHA-DNDR-Duncan Norcross & Drinkwater Road-Main Building-1st Floor,Main Building,1,120 (W98),Complete,3,Yes,No,Yes,No,Yes,General Rounding,Case Management,https://devicerounding.nttdatanucleus.com/DeviceMaintenance/Index?DeviceId=146391,,Yes
20-04-2026 15:20,HSS-8065680,LD034596,HR7LLN3,Duncan,VIHA-DNDR-Duncan Norcross & Drinkwater Road-Main Building-1st Floor,Main Building,1,120 (W104),Inaccessible - In use by Customer,3,No,No,No,No,No,General Rounding,Case Management,https://devicerounding.nttdatanucleus.com/DeviceMaintenance/Index?DeviceId=200598,,Yes
20-04-2026 15:20,HSS-1037496,LD062048,B4FKLN3,Duncan,VIHA-DNDR-Duncan Norcross & Drinkwater Road-Main Building-1st Floor,Main Building,1,120 (W92),Inaccessible - In use by Customer,3,No,No,No,No,No,General Rounding,Case Management,https://devicerounding.nttdatanucleus.com/DeviceMaintenance/Index?DeviceId=48490,,Yes
20-04-2026 15:20,HSS-8095129,LD031005,JCZP774,Duncan,VIHA-DNDR-Duncan Norcross & Drinkwater Road-Main Building-1st Floor,Main Building,1,120 (W97),Inaccessible - In use by Customer,3,No,No,No,No,No,General Rounding,Case Management,https://devicerounding.nttdatanucleus.com/DeviceMaintenance/Index?DeviceId=273896,,Yes
20-04-2026 15:20,HSS-8078907,LD027137,9LFPGY3,Duncan,VIHA-DNDR-Duncan Norcross & Drinkwater Road-Main Building-1st Floor,Main Building,1,120 (W99),Inaccessible - In use by Customer,3,No,No,No,No,No,General Rounding,HC Admin Duncan,https://devicerounding.nttdatanucleus.com/DeviceMaintenance/Index?DeviceId=130375,,Yes
20-04-2026 15:21,HSS-1047244,LD102443,75MQCW3,Duncan,VIHA-DNDR-Duncan Norcross & Drinkwater Road-Main Building-1st Floor,Main Building,1,125,Inaccessible - Room locked - Key Lock,3,No,No,No,No,No,General Rounding,General Housing,https://devicerounding.nttdatanucleus.com/DeviceMaintenance/Index?DeviceId=236860,,Yes
20-04-2026 15:21,HSS-8097708,LD064332,PF5WQHW0,Duncan,VIHA-DNDR-Duncan Norcross & Drinkwater Road-Main Building-1st Floor,Main Building,1,125,Inaccessible - Room locked - Key Lock,3,No,No,No,No,No,General Rounding,CHCP - Cowichan Health & Care Plan,https://devicerounding.nttdatanucleus.com/DeviceMaintenance/Index?DeviceId=282115,,Yes
20-04-2026 15:21,HSS-1045945,LD085951,FNB0DW3,Duncan,VIHA-DNDR-Duncan Norcross & Drinkwater Road-Main Building-1st Floor,Main Building,1,125,Inaccessible - Room locked - Key Lock,3,No,No,No,No,No,General Rounding,General Housing,https://devicerounding.nttdatanucleus.com/DeviceMaintenance/Index?DeviceId=233856,,Yes
20-04-2026 15:21,HSS-1044162,LD064318,G2CHDY3,Duncan,VIHA-DNDR-Duncan Norcross & Drinkwater Road-Main Building-1st Floor,Main Building,1,125 (W28),Inaccessible - Room locked - Key Lock,3,No,No,No,No,No,General Rounding,General Housing SI,https://devicerounding.nttdatanucleus.com/DeviceMaintenance/Index?DeviceId=106668,,Yes
20-04-2026 15:26,HSS-8065646,LD032726,DK2KLN3,Duncan,VIHA-DNDR-Duncan Norcross & Drinkwater Road-Main Building-1st Floor,Main Building,1,126 (W09),Complete,3,Yes,No,Yes,No,Yes,General Rounding,DOT Nurse,https://devicerounding.nttdatanucleus.com/DeviceMaintenance/Index?DeviceId=146339,,Yes
20-04-2026 15:26,HSS-8077206,LD034476,H7GZ4X3,Duncan,VIHA-DNDR-Duncan Norcross & Drinkwater Road-Main Building-1st Floor,Main Building,1,126 (W29),Complete,3,Yes,No,Yes,No,Yes,General Rounding,HS Overnight Team,https://devicerounding.nttdatanucleus.com/DeviceMaintenance/Index?DeviceId=72315,,Yes
20-04-2026 15:28,HSS-8096660,LD030734,PF5RMN0V,Duncan,VIHA-DNDR-Duncan Norcross & Drinkwater Road-Main Building-1st Floor,Main Building,1,127 (W30),Inaccessible - Room locked - Key Lock,3,No,No,No,No,No,General Rounding,Cowichan Home Support,https://devicerounding.nttdatanucleus.com/DeviceMaintenance/Index?DeviceId=278690,,Yes
20-04-2026 15:28,HSS-8065673,LD020154,2L4FLN3,Duncan,VIHA-DNDR-Duncan Norcross & Drinkwater Road-Main Building-1st Floor,Main Building,1,127 (W31),Inaccessible - Room locked - Key Lock,3,No,No,No,No,No,General Rounding,Cowichan Home Support,https://devicerounding.nttdatanucleus.com/DeviceMaintenance/Index?DeviceId=29958,,Yes
20-04-2026 15:28,HSS-8096656,LD032725,PF5RK1HM,Duncan,VIHA-DNDR-Duncan Norcross & Drinkwater Road-Main Building-1st Floor,Main Building,1,128 (W32),Inaccessible - Room locked - Key Lock,3,No,No,No,No,No,General Rounding,Cowichan Home Support,https://devicerounding.nttdatanucleus.com/DeviceMaintenance/Index?DeviceId=278468,,Yes
20-04-2026 15:28,HSS-8078905,LD031356,JLPGCY3,Duncan,VIHA-DNDR-Duncan Norcross & Drinkwater Road-Main Building-1st Floor,Main Building,1,129 (Cabinet in hall - HSS 1),Inaccessible - Room locked - Key Lock,3,No,No,No,No,No,General Rounding,Cowichan Home Support,https://devicerounding.nttdatanucleus.com/DeviceMaintenance/Index?DeviceId=195275,,Yes
20-04-2026 15:28,HSS-8081962,LD066480,44Q5SV3,Duncan,VIHA-DNDR-Duncan Norcross & Drinkwater Road-Main Building-1st Floor,Main Building,1,129 (Cabinet in Hall - HSS 2),Inaccessible - Room locked - Key Lock,3,No,No,No,No,No,General Rounding,Cowichan Home Support,https://devicerounding.nttdatanucleus.com/DeviceMaintenance/Index?DeviceId=43434,,Yes
20-04-2026 15:28,HSS-8077192,LD027186,8H2Y4X3,Duncan,VIHA-DNDR-Duncan Norcross & Drinkwater Road-Main Building-1st Floor,Main Building,1,129 (Cabinet in Hall - HSS 3),Inaccessible - Room locked - Key Lock,3,No,No,No,No,No,General Rounding,Cowichan Home Support,https://devicerounding.nttdatanucleus.com/DeviceMaintenance/Index?DeviceId=10972,,Yes
20-04-2026 15:28,HSS-8077203,LD027164,DQPY4X3,Duncan,VIHA-DNDR-Duncan Norcross & Drinkwater Road-Main Building-1st Floor,Main Building,1,129 (Cabinet in Hall - HSS 4),Inaccessible - Room locked - Key Lock,3,No,No,No,No,No,General Rounding,Cowichan Home Support,https://devicerounding.nttdatanucleus.com/DeviceMaintenance/Index?DeviceId=109655,,Yes
20-04-2026 15:28,HSS-8078872,LD031004,8DDQ8Y3,Duncan,VIHA-DNDR-Duncan Norcross & Drinkwater Road-Main Building-1st Floor,Main Building,1,129 (Cabinet in Hall - HSS 5),Inaccessible - Room locked - Key Lock,3,No,No,No,No,No,General Rounding,Cowichan Home Support,https://devicerounding.nttdatanucleus.com/DeviceMaintenance/Index?DeviceId=62545,,Yes
20-04-2026 15:33,HSS-8078871,LD066344,DFDQ8Y3,Duncan,VIHA-DNDR-Duncan Norcross & Drinkwater Road-Main Building-1st Floor,Main Building,1,132 (W9) - Breakout Room,Complete,3,Yes,No,Yes,No,Yes,General Rounding,HC Admin Duncan,https://devicerounding.nttdatanucleus.com/DeviceMaintenance/Index?DeviceId=124771,,Yes
20-04-2026 15:34,HSS-8065687,LD034272,2SMDLN3,Duncan,VIHA-DNDR-Duncan Norcross & Drinkwater Road-Main Building-1st Floor,Main Building,1,133 (W37),Inaccessible - Asset not found,3,No,No,No,No,No,General Rounding,Clinical Nurse Educator,https://devicerounding.nttdatanucleus.com/DeviceMaintenance/Index?DeviceId=904,,Yes
20-04-2026 15:34,HSS-8093119,LD023592,FF4JX64,Duncan,VIHA-DNDR-Duncan Norcross & Drinkwater Road-Main Building-1st Floor,Main Building,1,134 (W1),Complete,3,Yes,No,Yes,No,Yes,General Rounding,Duncan Community Hlth Services,https://devicerounding.nttdatanucleus.com/DeviceMaintenance/Index?DeviceId=256820,,Yes
20-04-2026 15:37,HSS-8078866,LD035064,DTMRGY3,Duncan,VIHA-DNDR-Duncan Norcross & Drinkwater Road-Main Building-1st Floor,Main Building,1,134 (W39),Inaccessible - Asset not found,3,No,No,No,No,No,General Rounding,HC Admin Duncan,https://devicerounding.nttdatanucleus.com/DeviceMaintenance/Index?DeviceId=164457,,Yes
20-04-2026 15:37,HSS-8078902,LD066347,BQ9JCY3,Duncan,VIHA-DNDR-Duncan Norcross & Drinkwater Road-Main Building-1st Floor,Main Building,1,136 (W3),Complete,3,Yes,No,Yes,No,Yes,General Rounding,Cowichan Valley HS Admin,https://devicerounding.nttdatanucleus.com/DeviceMaintenance/Index?DeviceId=200304,,Yes
20-04-2026 15:38,HSS-1036021,LD061546,5H26NN3,Duncan,VIHA-DNDR-Duncan Norcross & Drinkwater Road-Main Building-1st Floor,Main Building,1,137 (W11),Complete,3,Yes,No,Yes,No,Yes,General Rounding,Cowichan Home Support,https://devicerounding.nttdatanucleus.com/DeviceMaintenance/Index?DeviceId=10555,,Yes
20-04-2026 15:38,HSS-8078901,LD034477,7HXDFY3,Duncan,VIHA-DNDR-Duncan Norcross & Drinkwater Road-Main Building-1st Floor,Main Building,1,137 (W12),Inaccessible - Asset not found,3,No,No,No,No,No,General Rounding,Cowichan Home Support,https://devicerounding.nttdatanucleus.com/DeviceMaintenance/Index?DeviceId=202305,,Yes
20-04-2026 15:38,HSS-8070617,LD027187,8MWKLN3,Duncan,VIHA-DNDR-Duncan Norcross & Drinkwater Road-Main Building-1st Floor,Main Building,1,137 (W13),Inaccessible - Asset not found,3,No,No,No,No,No,General Rounding,Cowichan Home Support,https://devicerounding.nttdatanucleus.com/DeviceMaintenance/Index?DeviceId=119651,,Yes
20-04-2026 15:39,HSS-1035923,LD061541,1YWC6J3,Duncan,VIHA-DNDR-Duncan Norcross & Drinkwater Road-Main Building-1st Floor,Main Building,1,137 (W15),Complete,3,No,No,No,No,No,General Rounding,Cowichan Home Support,https://devicerounding.nttdatanucleus.com/DeviceMaintenance/Index?DeviceId=170022,,Yes
20-04-2026 15:39,HSS-1036334,LD061548,GDQJLN3,Duncan,VIHA-DNDR-Duncan Norcross & Drinkwater Road-Main Building-1st Floor,Main Building,1,137 (W16),Complete,3,Yes,No,Yes,No,Yes,General Rounding,Cowichan Home Support,https://devicerounding.nttdatanucleus.com/DeviceMaintenance/Index?DeviceId=103110,,Yes
20-04-2026 15:40,HSS-8096647,LD030910,PF5RQ11M,Duncan,VIHA-DNDR-Duncan Norcross & Drinkwater Road-Main Building-1st Floor,Main Building,1,137 (W17),Complete,3,Yes,No,Yes,No,Yes,General Rounding,Cowichan Home Support,https://devicerounding.nttdatanucleus.com/DeviceMaintenance/Index?DeviceId=278680,,Yes
20-04-2026 15:41,HSS-8080370,LD027256,76XQGY3,Duncan,VIHA-DNDR-Duncan Norcross & Drinkwater Road-Main Building-1st Floor,Main Building,1,137 (W4),Complete,3,Yes,No,Yes,No,Yes,General Rounding,Cowichan Home Support,https://devicerounding.nttdatanucleus.com/DeviceMaintenance/Index?DeviceId=98752,,Yes
20-04-2026 15:42,HSS-8065669,LD030732,FT76NN3,Duncan,VIHA-DNDR-Duncan Norcross & Drinkwater Road-Main Building-1st Floor,Main Building,1,137 (W7),Complete,3,Yes,No,Yes,No,Yes,General Rounding,Cowichan Home Support,https://devicerounding.nttdatanucleus.com/DeviceMaintenance/Index?DeviceId=128846,,Yes
20-04-2026 15:42,HSS-8097172,LD030739,PF5X08MA,Duncan,VIHA-DNDR-Duncan Norcross & Drinkwater Road-Main Building-1st Floor,Main Building,1,137,Inaccessible - Asset not found,3,No,No,No,No,No,General Rounding,Home Support,https://devicerounding.nttdatanucleus.com/DeviceMaintenance/Index?DeviceId=282127,,Yes
20-04-2026 15:42,HSS-8076393,LD027161,7F105X3,Duncan,VIHA-DNDR-Duncan Norcross & Drinkwater Road-Main Building-1st Floor,Main Building,1,137 (stored),Inaccessible - Asset not found,3,No,No,No,No,No,General Rounding,CHS Cowichan HS CHW,https://devicerounding.nttdatanucleus.com/DeviceMaintenance/Index?DeviceId=61692,,Yes
20-04-2026 15:42,HSS-8078903,LD027257,885QGY3,Duncan,VIHA-DNDR-Duncan Norcross & Drinkwater Road-Main Building-1st Floor,Main Building,1,137 (W5),Inaccessible - Asset not found,3,No,No,No,No,No,General Rounding,Cowichan Valley HS Nursing,https://devicerounding.nttdatanucleus.com/DeviceMaintenance/Index?DeviceId=18075,,Yes
20-04-2026 15:42,HSS-1036382,LD061549,926JLN3,Duncan,VIHA-DNDR-Duncan Norcross & Drinkwater Road-Main Building-1st Floor,Main Building,1,137 (W6),Inaccessible - Asset not found,3,No,No,No,No,No,General Rounding,Cowichan Home Support,https://devicerounding.nttdatanucleus.com/DeviceMaintenance/Index?DeviceId=79880,,Yes
20-04-2026 15:43,HSS-1036336,LD061544,33F6NN3,Duncan,VIHA-DNDR-Duncan Norcross & Drinkwater Road-Main Building-1st Floor,Main Building,1,137 (W8),Inaccessible - Laptop is not onsite,3,No,No,No,No,No,General Rounding,Cowichan Home Support,https://devicerounding.nttdatanucleus.com/DeviceMaintenance/Index?DeviceId=123351,,Yes
20-04-2026 15:43,HSS-1034871,LD061071,B55H6J3,Duncan,VIHA-DNDR-Duncan Norcross & Drinkwater Road-Main Building-1st Floor,Main Building,1,138 (W18),Inaccessible - Laptop is not onsite,3,No,No,No,No,No,General Rounding,Unknown,https://devicerounding.nttdatanucleus.com/DeviceMaintenance/Index?DeviceId=189351,,Yes
20-04-2026 15:43,HSS-8086825,PC061071,JRX6724,Duncan,VIHA-DNDR-Duncan Norcross & Drinkwater Road-Main Building-1st Floor,Main Building,1,138 (W18),Complete,3,Yes,No,Yes,No,Yes,General Rounding,Cowichan Valley Home Support,https://devicerounding.nttdatanucleus.com/DeviceMaintenance/Index?DeviceId=240629,,Yes
20-04-2026 15:43,HSS-8086828,LD046182,GRFQCW3,Duncan,VIHA-DNDR-Duncan Norcross & Drinkwater Road-Main Building-1st Floor,Main Building,1,138 (W19),Complete,3,Yes,No,Yes,No,Yes,General Rounding,Cowichan Valley Home Support,https://devicerounding.nttdatanucleus.com/DeviceMaintenance/Index?DeviceId=236892,,Yes
20-04-2026 15:43,HSS-8086826,LD046165,903QCW3,Duncan,VIHA-DNDR-Duncan Norcross & Drinkwater Road-Main Building-1st Floor,Main Building,1,138 (W20),Complete,3,Yes,No,Yes,No,Yes,General Rounding,Cowichan Valley Home Support,https://devicerounding.nttdatanucleus.com/DeviceMaintenance/Index?DeviceId=235766,,Yes
20-04-2026 15:44,HSS-8078897,LD027163,93CQGY3,Duncan,VIHA-DNDR-Duncan Norcross & Drinkwater Road-Main Building-1st Floor,Main Building,1,138 (W21),Complete,3,Yes,No,Yes,No,Yes,General Rounding,Home Support Scheduling,https://devicerounding.nttdatanucleus.com/DeviceMaintenance/Index?DeviceId=27600,,Yes
20-04-2026 15:44,HSS-8086827,LD027165,2MSQCW3,Duncan,VIHA-DNDR-Duncan Norcross & Drinkwater Road-Main Building-1st Floor,Main Building,1,138 (W22),Complete,3,Yes,No,Yes,No,Yes,General Rounding,Cowichan Valley Home Support,https://devicerounding.nttdatanucleus.com/DeviceMaintenance/Index?DeviceId=237433,,Yes
20-04-2026 15:44,HSS-8096653,LD030912,PF5RWVYG,Duncan,VIHA-DNDR-Duncan Norcross & Drinkwater Road-Main Building-1st Floor,Main Building,1,139 (W23),Complete,3,Yes,No,Yes,No,Yes,General Rounding,Scheduling,https://devicerounding.nttdatanucleus.com/DeviceMaintenance/Index?DeviceId=278346,,Yes
20-04-2026 15:44,HSS-1036335,LD061547,8HVHLN3,Duncan,VIHA-DNDR-Duncan Norcross & Drinkwater Road-Main Building-1st Floor,Main Building,1,139 (W24),Complete,3,Yes,No,Yes,No,Yes,General Rounding,HS Overnight Team,https://devicerounding.nttdatanucleus.com/DeviceMaintenance/Index?DeviceId=159371,,Yes
20-04-2026 15:45,HSS-8065648,LD030842,1Y2LLN3,Duncan,VIHA-DNDR-Duncan Norcross & Drinkwater Road-Main Building-1st Floor,Main Building,1,139 (W25),Complete,3,Yes,No,Yes,No,Yes,General Rounding,Scheduling,https://devicerounding.nttdatanucleus.com/DeviceMaintenance/Index?DeviceId=19371,,Yes
20-04-2026 15:45,HSS-1036022,LD061545,HSR6NN3,Duncan,VIHA-DNDR-Duncan Norcross & Drinkwater Road-Main Building-1st Floor,Main Building,1,139 (W27),Inaccessible - Asset not found,3,No,No,No,No,No,General Rounding,Scheduling,https://devicerounding.nttdatanucleus.com/DeviceMaintenance/Index?DeviceId=95680,,Yes
20-04-2026 15:46,HSS-8070658,LD027258,5G1FLN3,Duncan,VIHA-DNDR-Duncan Norcross & Drinkwater Road-Main Building-1st Floor,Main Building,1,139 (W27),Complete,3,Yes,No,Yes,No,Yes,General Rounding,HS Overnight Team,https://devicerounding.nttdatanucleus.com/DeviceMaintenance/Index?DeviceId=155370,,Yes
20-04-2026 15:46,HSS-8094674,LD056530,3DTN774,Duncan,VIHA-DNDR-Duncan Norcross & Drinkwater Road-Main Building-1st Floor,Main Building,1,129 (W33),Complete,3,Yes,No,Yes,No,Yes,General Rounding,Staff Scheduling,https://devicerounding.nttdatanucleus.com/DeviceMaintenance/Index?DeviceId=263555,,Yes
2026-04-21 12:03:52,HSS-1044010,LD064238,6KJRDY3,Lake Cowichan,VIHA-LCHU-Lake Cowichan Health Unit-Main Building-1st Floor,Main Building,1,Reception,Complete,3,Yes,No,Yes,No,Yes,General Rounding,Public Health,"=HYPERLINK(""https://devicerounding.nttdatanucleus.com/DeviceMaintenance/Index?DeviceId=182648"",""https://devicerounding.nttdatanucleus.com/DeviceMaintenance/Index?DeviceId=182648"")",,Yes
2026-04-21 12:05:19,HSS-8096184,PC031614,4TVHZ44,Lake Cowichan,VIHA-LCHU-Lake Cowichan Health Unit-Main Building-1st Floor,Main Building,1,Reception,Complete,3,No,No,No,No,No,General Rounding,Lab Admin,"=HYPERLINK(""https://devicerounding.nttdatanucleus.com/DeviceMaintenance/Index?DeviceId=257130"",""https://devicerounding.nttdatanucleus.com/DeviceMaintenance/Index?DeviceId=257130"")",,Yes
2026-04-21 12:07:07,HSS-8097682,LD060534,PF5WYA71,Lake Cowichan,VIHA-LCHU-Lake Cowichan Health Unit-Main Building-1st Floor,Main Building,1,Reception,Complete,3,Yes,No,Yes,No,Yes,General Rounding,Cowichan Primary Care,"=HYPERLINK(""https://devicerounding.nttdatanucleus.com/DeviceMaintenance/Index?DeviceId=282071"",""https://devicerounding.nttdatanucleus.com/DeviceMaintenance/Index?DeviceId=282071"")",,Yes
2026-04-21 12:07:58,HSS-8097684,LD060547,PF5X0H5W,Lake Cowichan,VIHA-LCHU-Lake Cowichan Health Unit-Main Building-1st Floor,Main Building,1,Clinic Room (RM 5),Complete,3,Yes,No,Yes,No,Yes,General Rounding,Primary Care Network,"=HYPERLINK(""https://devicerounding.nttdatanucleus.com/DeviceMaintenance/Index?DeviceId=282044"",""https://devicerounding.nttdatanucleus.com/DeviceMaintenance/Index?DeviceId=282044"")",,Yes
2026-04-21 12:10:13,HSS-8092693,LD032555,J48TFW3,Lake Cowichan,VIHA-LCHU-Lake Cowichan Health Unit-Main Building-1st Floor,Main Building,1,Clinic Room (RM 6),Complete,3,Yes,No,Yes,No,Yes,General Rounding,CYF CI Cowichan,"=HYPERLINK(""https://devicerounding.nttdatanucleus.com/DeviceMaintenance/Index?DeviceId=265826"",""https://devicerounding.nttdatanucleus.com/DeviceMaintenance/Index?DeviceId=265826"")",,Yes
2026-04-21 12:11:09,HSS-8096185,LD020157,GKBP774,Lake Cowichan,VIHA-LCHU-Lake Cowichan Health Unit-Main Building-1st Floor,Main Building,1,Clinic Room (RM 7),Complete,3,Yes,No,Yes,No,Yes,General Rounding,Abil Mgt Intk & Ret to Wrk,"=HYPERLINK(""https://devicerounding.nttdatanucleus.com/DeviceMaintenance/Index?DeviceId=272885"",""https://devicerounding.nttdatanucleus.com/DeviceMaintenance/Index?DeviceId=272885"")",,Yes
2026-04-21 12:11:57,HSS-8089528,LD032556,9K7HVW3,Lake Cowichan,VIHA-LCHU-Lake Cowichan Health Unit-Main Building-1st Floor,Main Building,1,Clinic Room (RM 9),Complete,3,No,No,No,No,No,General Rounding,CYF CI Cowichan,"=HYPERLINK(""https://devicerounding.nttdatanucleus.com/DeviceMaintenance/Index?DeviceId=246049"",""https://devicerounding.nttdatanucleus.com/DeviceMaintenance/Index?DeviceId=246049"")",,Yes
2026-04-21 12:14:32,HSS-1035919,LD061622,8LSC6J3,Lake Cowichan,VIHA-LCHU-Lake Cowichan Health Unit-Main Building-1st Floor,Main Building,1,Clinic Room (RM 4),Complete,3,Yes,No,Yes,No,Yes,General Rounding,Public Health,"=HYPERLINK(""https://devicerounding.nttdatanucleus.com/DeviceMaintenance/Index?DeviceId=117063"",""https://devicerounding.nttdatanucleus.com/DeviceMaintenance/Index?DeviceId=117063"")",,Yes
2026-04-21 12:15:29,HSS-8097683,LD059344,PF5WY1WJ,Lake Cowichan,VIHA-LCHU-Lake Cowichan Health Unit-Main Building-1st Floor,Main Building,1,Clinic Room (RM 1),Complete,3,Yes,No,Yes,No,Yes,General Rounding,Public Health,"=HYPERLINK(""https://devicerounding.nttdatanucleus.com/DeviceMaintenance/Index?DeviceId=282064"",""https://devicerounding.nttdatanucleus.com/DeviceMaintenance/Index?DeviceId=282064"")",,Yes
2026-04-21 12:16:14,HSS-1038581,LD090058,GNXFMN3,Lake Cowichan,VIHA-LCHU-Lake Cowichan Health Unit-Main Building-1st Floor,Main Building,1,Clinic Room (RM 2),Complete,3,Yes,No,Yes,No,Yes,General Rounding,Public Health,"=HYPERLINK(""https://devicerounding.nttdatanucleus.com/DeviceMaintenance/Index?DeviceId=5418"",""https://devicerounding.nttdatanucleus.com/DeviceMaintenance/Index?DeviceId=5418"")",,Yes
2026-04-21 12:17:58,HSS-1041770,LD062712,9284NN3,Lake Cowichan,VIHA-LCHU-Lake Cowichan Health Unit-Main Building-1st Floor,Main Building,1,Reception (Back loan laptop),Inaccessible - Asset not found,3,No,No,No,No,No,General Rounding,Public Health,"=HYPERLINK(""https://devicerounding.nttdatanucleus.com/DeviceMaintenance/Index?DeviceId=100130"",""https://devicerounding.nttdatanucleus.com/DeviceMaintenance/Index?DeviceId=100130"")",,Yes
"2026-04-22 09:44:00","HSS-8080350","PC023524","HZ9VPR3","Duncan","VIHA-CLRC-Cowichan Lodge-Main Building-1st Floor","Main Building","1","B32 (Staff Scheduling)","Complete","3","Yes","No","Yes","No","Yes","General Rounding","Staffing","=HYPERLINK(""https://devicerounding.nttdatanucleus.com/DeviceMaintenance/Index?DeviceId=166355"",""https://devicerounding.nttdatanucleus.com/DeviceMaintenance/Index?DeviceId=166355"")","","No"
"2026-04-22 09:44:17","HSS-8065655","PC027452","9R33XP3","Duncan","VIHA-CLRC-Cowichan Lodge-Main Building-1st Floor","Main Building","1","B32 (Staff Scheduling)","Complete","3","Yes","No","Yes","No","Yes","General Rounding","Staffing","=HYPERLINK(""https://devicerounding.nttdatanucleus.com/DeviceMaintenance/Index?DeviceId=207206"",""https://devicerounding.nttdatanucleus.com/DeviceMaintenance/Index?DeviceId=207206"")","","No"
"2026-04-22 09:45:07","HSS-8083132","PC023522","H0W13Z3","Duncan","VIHA-CLRC-Cowichan Lodge-Main Building-1st Floor","Main Building","1","B31 (Staff Scheduling)","Complete","3","Yes","No","Yes","No","Yes","General Rounding","Staffing","=HYPERLINK(""https://devicerounding.nttdatanucleus.com/DeviceMaintenance/Index?DeviceId=227413"",""https://devicerounding.nttdatanucleus.com/DeviceMaintenance/Index?DeviceId=227413"")","","No"
"2026-04-22 09:45:24","HSS-8086815","PC076597","9QX6724","Duncan","VIHA-CLRC-Cowichan Lodge-Main Building-1st Floor","Main Building","1","B32 (Staff Scheduling)","Complete","3","Yes","No","Yes","No","Yes","General Rounding","Staffing","=HYPERLINK(""https://devicerounding.nttdatanucleus.com/DeviceMaintenance/Index?DeviceId=238251"",""https://devicerounding.nttdatanucleus.com/DeviceMaintenance/Index?DeviceId=238251"")","","No"
"2026-04-22 09:48:58","HSS-8078926","PC031900","8Q6VPR3","Duncan","VIHA-CLRC-Cowichan Lodge-Main Building-1st Floor","Main Building","1","B47 (Denise Macdonald)","Inaccessible - Room locked - Key Lock","3","No","No","No","No","No","General Rounding","Region 3 Scheduling","=HYPERLINK(""https://devicerounding.nttdatanucleus.com/DeviceMaintenance/Index?DeviceId=186422"",""https://devicerounding.nttdatanucleus.com/DeviceMaintenance/Index?DeviceId=186422"")","","No"
"2026-04-22 09:58:28","HSS-8077163","PC029581","JPMVPR3","Duncan","VIHA-CLRC-Cowichan Lodge-Main Building-1st Floor","Main Building","1","Sunroom (Admin Area)","Complete","3","Yes","No","Yes","No","Yes","General Rounding","ACT Team","=HYPERLINK(""https://devicerounding.nttdatanucleus.com/DeviceMaintenance/Index?DeviceId=29406"",""https://devicerounding.nttdatanucleus.com/DeviceMaintenance/Index?DeviceId=29406"")","","No"
"2026-04-22 09:59:05","HSS-1040838","PC090074","H7LKPR3","Duncan","VIHA-CLRC-Cowichan Lodge-Main Building-1st Floor","Main Building","1","Sunroom (Admin Area)","Complete","3","Yes","No","Yes","No","Yes","General Rounding","ACT Team","=HYPERLINK(""https://devicerounding.nttdatanucleus.com/DeviceMaintenance/Index?DeviceId=155406"",""https://devicerounding.nttdatanucleus.com/DeviceMaintenance/Index?DeviceId=155406"")","","No"
"2026-04-22 10:04:40","HSS-8086816","PC076074","9RX6724","Duncan","VIHA-CLRC-Cowichan Lodge-Main Building-1st Floor","Main Building","1","Sunroom (Admin Area)","Complete","5","Yes","No","Yes","No","Yes","General Rounding","ACT Team","=HYPERLINK(""https://devicerounding.nttdatanucleus.com/DeviceMaintenance/Index?DeviceId=238252"",""https://devicerounding.nttdatanucleus.com/DeviceMaintenance/Index?DeviceId=238252"")","","No"
"2026-04-22 10:05:44","HSS-1041755","PC078128","H6P6VH3","Duncan","VIHA-CLRC-Cowichan Lodge-Main Building-1st Floor","Main Building","1","Sunroom (Admin Area)","Complete","3","Yes","No","Yes","No","Yes","General Rounding","ACT Team","=HYPERLINK(""https://devicerounding.nttdatanucleus.com/DeviceMaintenance/Index?DeviceId=97870"",""https://devicerounding.nttdatanucleus.com/DeviceMaintenance/Index?DeviceId=97870"")","","No"
"2026-04-22 14:15:02","HSS-8077165","PC021897","6LMVPR3","Duncan","VIHA-CLRC-Cowichan Lodge-Main Building-1st Floor","Main Building","1","B38","Complete","3","Yes","No","Yes","No","Yes","General Rounding","ACT Team","=HYPERLINK(""https://devicerounding.nttdatanucleus.com/DeviceMaintenance/Index?DeviceId=185487"",""https://devicerounding.nttdatanucleus.com/DeviceMaintenance/Index?DeviceId=185487"")","","No"
"2026-04-22 14:31:20","HSS-1031359","PC076598","GZPMVD3","Duncan","VIHA-CLRC-Cowichan Lodge-Main Building-1st Floor","Main Building","1","B28 (Staff Scheduling)","Complete","3","Yes","No","Yes","No","Yes","General Rounding","Staffing","=HYPERLINK(""https://devicerounding.nttdatanucleus.com/DeviceMaintenance/Index?DeviceId=140747"",""https://devicerounding.nttdatanucleus.com/DeviceMaintenance/Index?DeviceId=140747"")","","No"
"2026-04-22 14:31:46","HSS-8078925","PC033188","D6FVPR3","Duncan","VIHA-CLRC-Cowichan Lodge-Main Building-1st Floor","Main Building","1","B28 (Staff Scheduling)","Inaccessible - In use by Customer","3","No","No","No","No","No","General Rounding","Staffing","=HYPERLINK(""https://devicerounding.nttdatanucleus.com/DeviceMaintenance/Index?DeviceId=99357"",""https://devicerounding.nttdatanucleus.com/DeviceMaintenance/Index?DeviceId=99357"")","","No"
"2026-04-22 14:31:46","HSS-8083129","PC023523","2YV13Z3","Duncan","VIHA-CLRC-Cowichan Lodge-Main Building-1st Floor","Main Building","1","B28 (Staff Scheduling)","Inaccessible - In use by Customer","3","No","No","No","No","No","General Rounding","Staffing","=HYPERLINK(""https://devicerounding.nttdatanucleus.com/DeviceMaintenance/Index?DeviceId=227380"",""https://devicerounding.nttdatanucleus.com/DeviceMaintenance/Index?DeviceId=227380"")","","No"
"2026-04-22 14:31:47","HSS-8065650","PC028550","9QQ5XP3","Duncan","VIHA-CLRC-Cowichan Lodge-Main Building-1st Floor","Main Building","1","B28 (Staff Scheduling)","Inaccessible - In use by Customer","3","No","No","No","No","No","General Rounding","Staffing","=HYPERLINK(""https://devicerounding.nttdatanucleus.com/DeviceMaintenance/Index?DeviceId=199994"",""https://devicerounding.nttdatanucleus.com/DeviceMaintenance/Index?DeviceId=199994"")","","No"
"2026-04-22 14:31:47","HSS-8083127","PC023521","C1W13Z3","Duncan","VIHA-CLRC-Cowichan Lodge-Main Building-1st Floor","Main Building","1","B28 (Staff Scheduling)","Inaccessible - In use by Customer","3","No","No","No","No","No","General Rounding","Staffing","=HYPERLINK(""https://devicerounding.nttdatanucleus.com/DeviceMaintenance/Index?DeviceId=227400"",""https://devicerounding.nttdatanucleus.com/DeviceMaintenance/Index?DeviceId=227400"")","","No"
"2026-04-22 14:31:47","HSS-8077151","PC031472","GXW0KQ3","Duncan","VIHA-CLRC-Cowichan Lodge-Main Building-1st Floor","Main Building","1","B28 (Staff Scheduling)","Inaccessible - In use by Customer","3","No","No","No","No","No","General Rounding","Staffing","=HYPERLINK(""https://devicerounding.nttdatanucleus.com/DeviceMaintenance/Index?DeviceId=154247"",""https://devicerounding.nttdatanucleus.com/DeviceMaintenance/Index?DeviceId=154247"")","","No"
"2026-04-22 14:31:47","HSS-8083130","PC076596","B0W13Z3","Duncan","VIHA-CLRC-Cowichan Lodge-Main Building-1st Floor","Main Building","1","B28 (Staff Scheduling)","Inaccessible - In use by Customer","3","No","No","No","No","No","General Rounding","Staffing","=HYPERLINK(""https://devicerounding.nttdatanucleus.com/DeviceMaintenance/Index?DeviceId=227396"",""https://devicerounding.nttdatanucleus.com/DeviceMaintenance/Index?DeviceId=227396"")","","No"
"2026-04-22 14:32:54","HSS-8094672","LD058697","94KMR54","Duncan","VIHA-CLRC-Cowichan Lodge-Main Building-1st Floor","Main Building","1","B32","Inaccessible - Laptop is not onsite","3","No","No","No","No","No","General Rounding","Region 3 Scheduling Duncan","=HYPERLINK(""https://devicerounding.nttdatanucleus.com/DeviceMaintenance/Index?DeviceId=265776"",""https://devicerounding.nttdatanucleus.com/DeviceMaintenance/Index?DeviceId=265776"")","","No"
"2026-04-22 14:32:55","HSS-8096657","LD059704","PF5RJJY4","Duncan","VIHA-CLRC-Cowichan Lodge-Main Building-1st Floor","Main Building","1","B33","Inaccessible - Asset not found","3","No","No","No","No","No","General Rounding","Staffing","=HYPERLINK(""https://devicerounding.nttdatanucleus.com/DeviceMaintenance/Index?DeviceId=278776"",""https://devicerounding.nttdatanucleus.com/DeviceMaintenance/Index?DeviceId=278776"")","","No"
"2026-04-22 14:32:55","HSS-1036020","LD106197","59D5NN3","Duncan","VIHA-CLRC-Cowichan Lodge-Main Building-1st Floor","Main Building","1","B33-(Dr. Crombie)","Inaccessible - Laptop is not onsite","3","No","No","No","No","No","General Rounding","Staffing","=HYPERLINK(""https://devicerounding.nttdatanucleus.com/DeviceMaintenance/Index?DeviceId=148477"",""https://devicerounding.nttdatanucleus.com/DeviceMaintenance/Index?DeviceId=148477"")","","No"
"2026-04-22 14:32:55","HSS-8080354","LD030543","4ZSPGY3","Duncan","VIHA-CLRC-Cowichan Lodge-Main Building-1st Floor","Main Building","1","B34","Inaccessible - Laptop is not onsite","3","No","No","No","No","No","General Rounding","Youth and Family Substance use Serviced","=HYPERLINK(""https://devicerounding.nttdatanucleus.com/DeviceMaintenance/Index?DeviceId=13071"",""https://devicerounding.nttdatanucleus.com/DeviceMaintenance/Index?DeviceId=13071"")","","No"
"2026-04-22 14:32:55","HSS-1034675","LD060960","91JS9K3","Duncan","VIHA-CLRC-Cowichan Lodge-Main Building-1st Floor","Main Building","1","B35","Inaccessible - Laptop is not onsite","3","No","No","No","No","No","General Rounding","ACT Team","=HYPERLINK(""https://devicerounding.nttdatanucleus.com/DeviceMaintenance/Index?DeviceId=71574"",""https://devicerounding.nttdatanucleus.com/DeviceMaintenance/Index?DeviceId=71574"")","","No"
"2026-04-22 14:33:11","HSS-8080346","LD034265","HT2FFY3","Duncan","VIHA-CLRC-Cowichan Lodge-Main Building-1st Floor","Main Building","1","B35","Complete","3","Yes","No","Yes","No","Yes","General Rounding","Pathway to Hope Cowichan","=HYPERLINK(""https://devicerounding.nttdatanucleus.com/DeviceMaintenance/Index?DeviceId=7328"",""https://devicerounding.nttdatanucleus.com/DeviceMaintenance/Index?DeviceId=7328"")","","No"
