"City","Location","Building","Floor","Room","Department"
"Campbell River","VIHA-CIHU-Cortes Island Health Unit-Main Building-1st Floor","220 Dogwood Street","0","(Not Found)","'-"
"Gold River","VIHA-CRDS-Campbell River Dogwood Street","Campbell River Hospital","1","_Campbell River CRG Mtg 4 (4)","3A/B"
"Mansons Landing","VIHA-CRDS-Campbell River Dogwood Street-Main Building-1st Floor","Corporate","10th Floor","0","3A/B - Pharmacy"
"Quathiaski Cove","VIHA-CRED-Campbell River Eagle Drive-Main Building-2nd Floor","CR Dogwood","1st","017 - Shop","3C Surgical"
"Tahsis","VIHA-CRG-Campbell River General Hospital","CRG","1st Floor","023","3C/D"
"Zeballos","VIHA-CRG-Campbell River General Hospital-Corporate-Whitehouse","CRHCC","1st floor","024","3D Medicine"
"","VIHA-CRG-Campbell River General Hospital-Corporate-Whitehouse-1st Floor","CRMHAS","2","0601","4 Psychiatric Inpat/PICU"
"","VIHA-CRG-Campbell River General Hospital-Corporate-Whitehouse-2nd Floor","Diagnostic & Treatment","2nd","1","Aboriginal Health"
"","VIHA-CRG-Campbell River General Hospital-Main Building","Gold River Health Centre","2nd Floor","1 - key lock","ACN NVI Reg Admin"
"","VIHA-CRG-Campbell River General Hospital-Main Building-1st Floor","Health unit","2st Floor","10","Admin"
"","VIHA-CRG-Campbell River General Hospital-Main Building-2nd Floor","M","3","100","Admin Area, desk 3"
"","VIHA-CRG-Campbell River General Hospital-Main Building-3rd Floor","Main","3rd Floor","101","Administration"
"","VIHA-CRG-Campbell River General Hospital-Main Building-4th Floor","mAIN","8th Floor","101 - WFH Angelica Ubando","Admitting"
"","VIHA-CRG-Campbell River General Hospital-Main Building-Basement 1","main building","B1","102","BC Cancer Agency"
"","VIHA-CRHCC-Campbell River Home & Community Care","Main Building","Basement 1","102 - Nancy Clements","BIOMed"
"","VIHA-CRHCC-Campbell River Home & Community Care-Main Building-1st Floor","Main building","WFH","103","Biomed"
"","VIHA-CRHCC-Campbell River Home & Community Care-Main Building-2nd Floor","Main hospital","Whitehouse","103 - Charlene MacKinnon","Biomedical Engineering"
"","VIHA-CRIP-Campbell River Ironwood Place-Main Building-1st Floor","Main Hospital","Whitehouse-1st Floor","104","Bone and Joint"
"","VIHA-CRMC-Campbell River Marwalk Crescent-Main Building","Main uilding","Whitehouse-2nd Floor","104 in PCAC/admin building","Bone and Joint Clinic"
"","VIHA-CRMC-Campbell River Marwalk Crescent-Main Building-1st Floor","Primary Access Clinic","","105","Cairnsmore Place"
"","VIHA-CRMHAS-Campbell River Mental Health & Addiction Services","Tyee Plaza","","106","Campbell River ACSS"
"","VIHA-CRMHAS-Campbell River Mental Health & Addiction Services-Main Building-2nd Floor","VIHA_CRG_SOHO","","106 - SOHO","Campbell River ACT"
"","VIHA-CRPH-Campbell River Public Health","Wellness Centre","","107","Campbell River Addictions"
"","VIHA-CRPH-Campbell River Public Health-Main Building","WFH","","108","Campbell River General Hospita"
"","VIHA-CRPH-Campbell River Public Health-Main Building-2nd Floor","Whitehouse","","108 - Stacey Chow","Campbell River Hospital"
"","VIHA-CRSR_1307-Campbell River Shoppers Row (Unit 1307)","YL","","109","Campbell River Rehab"
"","VIHA-CRSR_1307-Campbell River Shoppers Row (Unit 1307)-Main Building","","","11","Cancer Care"
"","VIHA-CRSR_1307-Campbell River Shoppers Row (Unit 1307)-Main Building-1st Floor","","","110","Cancer Care Clinic"
"","VIHA-CRTA-Campbell River Twelve Avenue-Main Building-1st Floor","","","111","Cancer Clinic"
"","VIHA-GRHC-Gold River Health Centre-Main Building","","","112","Cardiac Ambulatory"
"","VIHA-GRHC-Gold River Health Centre-Main Building-1st Floor","","","113","Cardiac EDS IP"
"","VIHA-NIMC-North Island Medical Clinic-Main Building-1st Floor","","","114","CCD Admin Support-CR"
"","VIHA-QIMC-Quadra Island Medical Clinic-Main Building-1st Floor","","","115","CDU"
"","VIHA-THC-Tahsis Health Centre-Main Building-1st Floor","","","116","Central Education and Conference Facilities"
"","VIHA-YLRS-Yucalta Lodge-Main Building-1st Floor","","","116 Storage Room","Central Medical Staff/UBC Facilities"
"","VIHA-ZHU-Zeballos Health Unit-Main Building-1st Floor","","","117","CI/NI Biomedical Engineering"
"","","","","118","CI/NI CYMH & Substance Use"
"","","","","119","CI/NI Diabetes and Nutrition"
"","","","","119 - Clinic Room 2","CI/NI Food Services Admin"
"","","","","12","CI/NI North FMO"
"","","","","120 - Clinic Room 3","CI/NI-FMO Admin Support"
"","","","","121 - Clinic Room 4","Clinical Information Svrc"
"","","","","1219","Clinical Laboratory"
"","","","","13","Clinical Logistics Admin"
"","","","","132","Clinical Nutrition"
"","","","","134","Clinical Site Operations"
"","","","","134 - Resource Room","CLKS"
"","","","","134 - WFH Kimberley Toonders","CLKS LearningDesign&Tech"
"","","","","135 - Resource Room - Primary user: Karla Van Der Griendt","CLKS LrningCapacity&AdvTrn"
"","","","","18","Communicable Disease Admin"
"","","","","18 - projector room","Comox Valley / CR Psychiatry"
"","","","","19","Comox Valley Hospital"
"","","","","193 - Therapy Office","Comox Valley/CR MHSU"
"","","","","193 - Therapy Services","Computed Tomography"
"","","","","193 Therapy Services - key lock","Computer Training"
"","","","","1st on Left - Nadine Armstrong","Contact Centre - HIM"
"","","","","1st on right","Corp Business Solutions"
"","","","","2","COVID Public Health"
"","","","","20","COVID19 Ambassadors"
"","","","","200","Cowichan Lodge Seniors TMH"
"","","","","204","CR AMCS"
"","","","","21","CR Expanded Outreach Team"
"","","","","210","CR Geriatric Specialty Srv"
"","","","","210 - WFH","CR HART Team"
"","","","","214","CR Health and Wellness"
"","","","","215","CR Hospital Liaison"
"","","","","217","CRG Admin"
"","","","","220 Dogwood Street","CRG Clinical Site Operations"
"","","","","24","CRG Echocardiography"
"","","","","24 B","CRG Inpatients"
"","","","","26","CRG Lab Accessioning"
"","","","","27","CRG Minor Day Procedures"
"","","","","275 - key lock","CRG OBS Peds"
"","","","","28","CRG Perioperative Intervention"
"","","","","29","CRG Respiratory Therapy Servic"
"","","","","2nd floor Directors Office","CRG Respiratory Therapy Service"
"","","","","2nd office on left","CRG Transitions and Support"
"","","","","2nd room on the Left - Primary User: Joanna Foster","CRHCC"
"","","","","3","Critical Care and Emergency"
"","","","","30","CV Int Outreach Resp Team"
"","","","","31","CV/CR Admin Suppport"
"","","","","3100","CYF Hlth Admin"
"","","","","32","CYF NI Campbell River/Nootka"
"","","","","34","Device Acquisition"
"","","","","36","Device Integration"
"","","","","36 - Reception","Diabetes Education Program"
"","","","","385 - key lock","Diabetes/Nutrition Admin"
"","","","","387 Maintenance Shop - key lock","Downtown Vic West HUB"
"","","","","391 - key lock","Echocardiography"
"","","","","3rd room from the Left","Emergency"
"","","","","3rd room on the left past the Public Health Nurse","Emergency Management"
"","","","","4","Emergency Services"
"","","","","5","Endoscopy"
"","","","","6","Environmental Health"
"","","","","7","EPMO Portfolio A"
"","","","","8","Experience"
"","","","","9","Facilities"
"","","","","Admin - Nicole P","Facility Therapeutic Srves"
"","","","","Administration, Floor 0","Family Practice"
"","","","","Back of emerg.","Family Practice Program"
"","","","","Between CR2333 & CR2334 - Hallway","FMO"
"","","","","Business Office - key lock","Food Services"
"","","","","Business Office Rm 274","Food Services North/West"
"","","","","Campbell River Home & Community Care","General Administration"
"","","","","Case Manager - South Team","General Clinic Services"
"","","","","Central ? SW Jerin","General Medical / Surgical Inpatient Unit"
"","","","","Central Geo - LPN Desk.","Geog 1/2 Pharmacy & Pharm LTC"
"","","","","Central HCN","GHC General Administration"
"","","","","Central Room","Hand Clinic"
"","","","","Central Team","Health Emergency Management"
"","","","","Central Team - Deb","Health Record"
"","","","","Central Team - Kirsten","Health Records"
"","","","","Central Team - Sherri Bentsen","Heart and Lung Diagnostics"
"","","","","Central Team Kathleen","Heart Function"
"","","","","Chart room","Heart Health Admin"
"","","","","Christina's office","HIM Informatics"
"","","","","Clinic A","HIM Registration"
"","","","","Clinic B","Hip & Knee Centre"
"","","","","Clinic Nurse","Hlth Svcs For Comm Liv"
"","","","","Clinic Room B","Hlth Wellness & Compliance"
"","","","","Clinical Nurse Educator Room","Hlth Wellness & Safety"
"","","","","Clinical Nurse Educator room - key lock","Hlth Wellness Safe&Ability Mgt"
"","","","","CM FT","Home and Community Care CR"
"","","","","CNE office - key lock","Home Care Monitoring"
"","","","","Coastal West","Home Care Nursing-CR"
"","","","","Coastal West Care Aid Station","Home Support Admin"
"","","","","Community Health Workers rm","Hospital Foundation"
"","","","","Conference Room","Hospitalists SI"
"","","","","CR0102 - Kitchen","Housekeeping"
"","","","","CR0102 - Kitchen - Key Lock","ICU"
"","","","","CR0109 House Keeping Bulk Supplies office.","IHealth 17 FTE PE&E"
"","","","","CR0122 - Kitchen","IM/IT"
"","","","","CR0221","IMIT"
"","","","","CR0221  WFH","Indigenous Health"
"","","","","CR0221- Pharmacy","Intensive Care Unit"
"","","","","CR0222 - Consulting","IPC - NRG/CRH"
"","","","","CR0222 - Consulting - Not in pharmacy","Island Medical Program"
"","","","","CR0223","Kidney Care Clinic"
"","","","","CR0223 - Pharmacy","Lab"
"","","","","CR0224","LAB"
"","","","","CR0225 - Lisa","Lab Administration"
"","","","","CR0228","Lab Pre-Analytics"
"","","","","CR0228  CRG_PHARM CRG724  CRG_CRITICAL","Laboratory Reception"
"","","","","CR0240 - Michelle","LDRP"
"","","","","CR0244 - Chemo Staging - Restricted Area","LTC VIHA Admin"
"","","","","CR0248","LTC VIHA Admin - NI"
"","","","","CR0302 - Meeting Rm","Maternity"
"","","","","CR0304 - Office 1 - key lock","Maternity and Newborn Inpatient Unit"
"","","","","CR0305 - Office 2","MDRD"
"","","","","CR0305 - Office 2 - Cabinet","Med Staff Support Serv Adm"
"","","","","CR0305 - Office2","Medical Affairs"
"","","","","CR0307 - Office 4 - key lock","Medical and Academic Affairs"
"","","","","CR0308 - Office 5","Medical Daycare"
"","","","","CR0309 - Office 6","Medical Device Reprocessing"
"","","","","CR0310 - Office7 - key lock","Medical Imag Clerical Adm"
"","","","","CR0311 - Office 8 - key lock","Medical Imag Site Admin"
"","","","","CR0312 - Office9","Medical Imaging"
"","","","","CR0313 - Immunization office","Medical Imaging Systems"
"","","","","CR0313 - WFH","Medical Records"
"","","","","CR0313 - WFH - Robert.Fontaine@islandhealth.ca","Medical Staff Contracts"
"","","","","CR0313-Immunization office off of Administration -","Medical Staff Support Services"
"","","","","CR0314 - Immunization office","Mental Health & Addiction Services"
"","","","","CR0320 - WFH","Mental Health and Addiction Services"
"","","","","CR0323","MI System Data Management"
"","","","","CR0323 - Workstation 9","Minor Day Procedures"
"","","","","CR0324","Morgue and Autopsy"
"","","","","CR0324 - Not in CR0324","Network & Solutions Admin"
"","","","","CR0324 - Work Station 1","NI Chronic Disease Mgmt"
"","","","","CR0324 - Work Station 10","NI Kidney Care Clinic"
"","","","","CR0324 - Work Station 11","NI Svcs Centre"
"","","","","CR0324 - Work Station 12","NICU"
"","","","","CR0324 - Work Station 13","North Island Laboratory-CRG"
"","","","","CR0324 - Work Station 2","Nursing"
"","","","","CR0324 - Work Station 7","Occupational Therapy"
"","","","","CR0324 - Work Station 8","Operating Room"
"","","","","CR0324 - Workstation 3","OR"
"","","","","CR0324 - Workstation 4","OR Recovery"
"","","","","CR0324 - Workstation 5","Pathology"
"","","","","CR0335 - Health Records","Pathway to Hope Port Alber"
"","","","","CR0336 - Health Records","Patient & Material Logistics"
"","","","","CR0337 - Health Records","Patient Care Quality Off"
"","","","","CR0402 Stores","Peninsula HUB & Gulf Islds CHS"
"","","","","CR0403  Stores","PH & W Healthy Communities"
"","","","","CR0403 Stores","Pharmacy"
"","","","","CR0404  Stores","Pharmacy Clinical Services"
"","","","","CR0421 Mail Room","PHN Western Communities"
"","","","","CR0446  Morgue  Restricted Access","PHU Seniors OP Clinic"
"","","","","CR0447 - Morgue  - Restricted Access","Physical Therapy"
"","","","","CR0519","Physio - Hand Therapy"
"","","","","CR0519 CR0109  House Keeping Bulk Supplies office.","Physio Therapy"
"","","","","CR0600  - Moved from 0701 pending repair  INC1634787","PhysioTherapy"
"","","","","CR0601","Physiotherapy"
"","","","","CR0601 - IMIT","Plant Svcs Admin CR/N"
"","","","","CR0601 - Loaner","Port Alberni West Admin"
"","","","","CR0601 wk stn 3","Porter Services"
"","","","","CR0602","Positive Wellness NI"
"","","","","CR0604","Positive Wellness North Island"
"","","","","CR0700","Pre-Admission Clinic"
"","","","","CR0701","Primary Care"
"","","","","CR0703","Primary Health Care"
"","","","","CR0720","Professional Practice"
"","","","","CR0801","Protection Services"
"","","","","CR0802","Protection Svcs Admin"
"","","","","CR0803","Public Health"
"","","","","CR0807 - Supervisors Office","Public Health Nursing-Re2"
"","","","","CR0808","Records Management"
"","","","","CR1100","Region 1 Scheduling CB Riv"
"","","","","CR1101  inside video cabinet.","Region 1 Scheduling CB River"
"","","","","CR1101 - Meeting Room 1/2/3/7/8 - Key Lock","Region 4 Scheduling Victoria"
"","","","","CR1103/CR1123/CR1124 -  Key and Card Lock","Rehab"
"","","","","CR1104 - Meeting Room 4","Rehabilatation/Therapy"
"","","","","CR1105  Meeting Room 5","Rehabilitation Therapy"
"","","","","CR1106 - meeting room","Respiratory Therapy Servic"
"","","","","CR1106 - Meeting Room 6  - under table","RJH Emergency Services"
"","","","","CR1107 - Meeting Room 1/2/3/7/8","Rural & Remote Services"
"","","","","CR1107 - Meeting Room 7 locked in Video Cabinet","Rural Health"
"","","","","CR1121","Scheduling Services Admin"
"","","","","CR1123 Disaster Communication - Key and Card Lock","Security Systems"
"","","","","CR1124 Disaster Supplies -  Key and Card Lock","SI Admin Support"
"","","","","CR1124 Disaster Supplies - Key and Card Lock","Sign our laptop"
"","","","","CR1142","Social Work"
"","","","","CR1143","Social Worker"
"","","","","CR1147","Speech Therapy"
"","","","","CR1147 - Rehabilitation","Spiritual Health Prog"
"","","","","CR1148","Staffing Services"
"","","","","CR1148 - Rehabilitation","Staffing(ESP) Rep-ZESPP1DL"
"","","","","CR1162","Stores"
"","","","","CR1163","Strathcona Indig Hlth Programs"
"","","","","CR1171  - key lock","Strathcona/Remote Communities"
"","","","","CR1172","Stroke Clinic"
"","","","","CR1173","SUIT/HART"
"","","","","CR1173 Rehab","Surgical Daycare"
"","","","","CR1174","Surgical Services"
"","","","","CR1175","Surgical Services Manager Office"
"","","","","CR1180","Telehealth"
"","","","","CR1180 - Rehab","Telemetry"
"","","","","CR11xx","Timekeeping"
"","","","","CR11xx CR2920 - Computer Training -","Ultrasound"
"","","","","CR11xx Rehab","Virtual Care"
"","","","","CR1201 - Cafeteria - Card Swipe","Voluntary Services"
"","","","","CR1204","Volunteer Resources & Engagement"
"","","","","CR1204 - Card Swipe","Volunteer Resources Office"
"","","","","CR1300  CRG_Triage CRG_CRITICAL","Wellness"
"","","","","CR1300  CRG_TRIAGE CRG_CRITICAL","Wellness Centre"
"","","","","CR1300  CRG_TRIAGE CRG724 CRG_CRITICAL","Wellness Reg Desk"
"","","","","CR1300 CR1600 CR1900","WFH"
"","","","","CR1300 CR1630 CR1900","Workforce Optimization"
"","","","","CR1300 Triage","Xray Dept"
"","","","","CR1315  - Protection Service - Card Lock","YSTAR"
"","","","","CR1315 - Protect Serv","Yucalta"
"","","","","CR1315 Protection Services - Connected to Wall Mou",""
"","","","","CR1403 - Ambassador Desk - Main Reception",""
"","","","","CR1403 - Main Entrance Ambassador Desk",""
"","","","","CR1404 - Front Lab Reception",""
"","","","","CR1405 LAB Outpatient Waiting Area Whiteboard - No",""
"","","","","CR1410  Volunteer Resources Office - Key Lock",""
"","","","","CR1410 Volunteer Resources Office - Key Lock",""
"","","","","CR1411  Hospital Foundation",""
"","","","","CR1411  Hospital Foundation - Key Lock",""
"","","","","CR1411 ?Hospital Foundation",""
"","","","","CR1411/CR1412 ?Hospital Foundation",""
"","","","","CR1412  Hospital Foundation - Key Lock",""
"","","","","CR1430",""
"","","","","CR1430  CRG_REG CRG_CRITICAL",""
"","","","","CR1430  CRG_REG CRG724 CRG_CRITICAL",""
"","","","","CR1430 CRG_REG CRG_CRITICAL",""
"","","","","CR1430 CRG_REG CRG724 ?CRG_CRITICAL",""
"","","","","CR1430 CRG724 CRG_CRITICAL",""
"","","","","CR1431  CRG_REG  CRG_CRITICAL",""
"","","","","CR1431 CRG_REG  CRG_CRITICAL",""
"","","","","CR1432",""
"","","","","CR1433",""
"","","","","CR1433  - Whiteboard",""
"","","","","CR1433 - health records",""
"","","","","CR1441 - not found; not online.",""
"","","","","CR1443",""
"","","","","CR1447",""
"","","","","CR1463",""
"","","","","CR1465",""
"","","","","CR1466",""
"","","","","CR1472",""
"","","","","CR1473 - key lock",""
"","","","","CR1481  - Key Lock",""
"","","","","CR1481 - Key Lock",""
"","","","","CR1500  CRG_CRITICAL",""
"","","","","CR1500  CRG724  CRG_CRITICAL",""
"","","","","CR1502 - Group Room1",""
"","","","","CR1504  Key Lock",""
"","","","","CR1504 - key lock",""
"","","","","CR1505 CR1506 - Key Lock",""
"","","","","CR1506  Key Lock",""
"","","","","CR1506 - key lock",""
"","","","","CR1506 - Key Lock - NOT FOUND",""
"","","","","CR1508 - key lock",""
"","","","","CR1511",""
"","","","","CR1511 - key lock",""
"","","","","CR1512 - key lock",""
"","","","","CR1512 - keyloack",""
"","","","","CR1513 - Key Lock",""
"","","","","CR1513 - WFH",""
"","","","","CR1514  Key Lock",""
"","","","","CR1515 - key lock",""
"","","","","CR1516  - Key Lock",""
"","","","","CR1517 - Key Lock",""
"","","","","CR1518  Key Lock",""
"","","","","CR1519 - Key Lock",""
"","","","","CR1520",""
"","","","","CR1521 - Interview Room - key lock",""
"","","","","CR1522",""
"","","","","CR1522 - key lock",""
"","","","","CR1523 - Med Rm - Card Swipe",""
"","","","","CR1531 - key lock",""
"","","","","CR1532 - keylock",""
"","","","","CR1534 - key lock",""
"","","","","CR1535 - key lock",""
"","","","","CR1536 - key lock",""
"","","","","CR1542 - Admin Support Collab Centre - Primary use",""
"","","","","CR1542 - Admin Support Collaboration Centre",""
"","","","","CR1551  Key Lock",""
"","","","","CR1552 - key lock",""
"","","","","CR1553 - Exam Room 17",""
"","","","","CR1553 - key lock",""
"","","","","CR1554  Key Lock",""
"","","","","CR1555 - key lock",""
"","","","","CR1556 - key lock",""
"","","","","CR1557 CR1500",""
"","","","","CR1557- key lock",""
"","","","","CR1558 - key lock",""
"","","","","CR1559  - Key Lock",""
"","","","","CR1559 - key lock",""
"","","","","CR1561  - Bone and Joint Clinic - key lock",""
"","","","","CR1562  Bone and Joint",""
"","","","","CR1562  CRG724  CRG_CRITICAL  - Bone Clinic -  - k",""
"","","","","CR1562 - key lock",""
"","","","","CR1562 CR1562 - Bone Clinic - Key Lock",""
"","","","","CR1563 - key lock",""
"","","","","CR1564 - key lock",""
"","","","","CR1568 - Key Lock",""
"","","","","CR1569 - key lock",""
"","","","","CR1582",""
"","","","","CR1582 Cancer clinic",""
"","","","","CR1583- cancer care",""
"","","","","CR1584",""
"","","","","CR1584 - key lock",""
"","","","","CR1585",""
"","","","","CR1585  CRG724  CRG_CRITICAL",""
"","","","","CR1586  Med Room Card Swipe",""
"","","","","CR1587  Med Room Card Swipe",""
"","","","","CR1600 - Hallway",""
"","","","","CR1600 CR1900",""
"","","","","CR1600 CR1930",""
"","","","","CR1601  Trauma Room",""
"","","","","CR1602  Trauma Room",""
"","","","","CR1611 - Trauma1",""
"","","","","CR1611 -Trauma",""
"","","","","CR1612 Trauma Room",""
"","","","","CR1620",""
"","","","","CR1620 CR1930 CR1921",""
"","","","","CR1630 Med Room Card Access",""
"","","","","CR1632",""
"","","","","CR1632  Main Desk - Security Camera Device",""
"","","","","CR1633",""
"","","","","CR1633 CRG_Whiteboard",""
"","","","","CR1634",""
"","","","","CR1634  CRG724  CRG_CRITICAL",""
"","","","","CR1634 Near CR1620",""
"","","","","CR1637",""
"","","","","CR1637  CRG_WHITEBOARD",""
"","","","","CR1637 CRG_WHITEBOARD",""
"","","","","CR1700",""
"","","","","CR1700 - Hallway",""
"","","","","CR1701 - Exclusive user: Lisa Dawson",""
"","","","","CR1702 - key lock",""
"","","","","CR1703 - key lock",""
"","","","","CR1704 CR1708 - key lock",""
"","","","","CR1705 - key lock",""
"","","","","CR1705 - Key Lock",""
"","","","","CR1706 - key lock",""
"","","","","CR1707 - key lock",""
"","","","","CR1708",""
"","","","","CR1708 - Echo Booking - Key Lock",""
"","","","","CR1710",""
"","","","","CR1710 - keylock",""
"","","","","CR1711 - key lock",""
"","","","","CR1713",""
"","","","","CR1722",""
"","","","","CR1722  CRG724  CRG_CRITICAL",""
"","","","","CR1724",""
"","","","","CR1728",""
"","","","","CR1741",""
"","","","","CR1743",""
"","","","","CR1745 - Med Rm",""
"","","","","CR1747",""
"","","","","CR1751",""
"","","","","CR1758 - Card Lock",""
"","","","","CR1762",""
"","","","","CR1768",""
"","","","","CR1768 CRG_Whiteboard",""
"","","","","CR1769",""
"","","","","CR1769  CRG_Whiteboard",""
"","","","","CR1780",""
"","","","","CR1793",""
"","","","","CR1793  CRG_Whiteboard  - LCD and C003148 missing",""
"","","","","CR17xx",""
"","","","","CR1800",""
"","","","","CR1808",""
"","","","","CR1809",""
"","","","","CR1809 - Key Lock",""
"","","","","CR1816? - CRG Ultrasound",""
"","","","","CR1823  key lock",""
"","","","","CR1840 - key lock",""
"","","","","CR1852",""
"","","","","CR1852  CRG_WHITEBOARD",""
"","","","","CR1852 CRG_WHITEBOARD",""
"","","","","CR1853",""
"","","","","CR1858  - key lock - storage",""
"","","","","CR1858 - key lock - Storage",""
"","","","","CR1860",""
"","","","","CR1863  CRRad Room 1 - Key Lock",""
"","","","","CR1864  CRRad Room 2",""
"","","","","CR1865 CRRad Room #3",""
"","","","","CR1865 CRRad Room 3",""
"","","","","CR1866  CRRad Room 4  - key lock",""
"","","","","CR1867  - Key Lock",""
"","","","","CR1868",""
"","","","","CR1868 - Key Lock",""
"","","","","CR1869",""
"","","","","CR1869 - Key Lock",""
"","","","","CR1872 - Restricted Area",""
"","","","","CR1900 CR1600",""
"","","","","CR1900 CR1600 CR1300",""
"","","","","CR1920 - Key Lock",""
"","","","","CR1920 - key lock",""
"","","","","CR1921",""
"","","","","CR1921 - Emergency collab center",""
"","","","","CR1930",""
"","","","","CR1930  CR1600 CR1900",""
"","","","","CR1930 CR1633 CR1600",""
"","","","","CR1931",""
"","","","","CR1931  CRG724  CRG_CRITICAL",""
"","","","","CR1932",""
"","","","","CR1932  - CCTV camera PC",""
"","","","","CR1932  CRG_WHITEBOARD",""
"","","","","CR1933  MED Room Card Access",""
"","","","","CR1941",""
"","","","","CR1943 - On Call - Room Locked Key",""
"","","","","CR2100 - Maternity",""
"","","","","CR2104",""
"","","","","CR2113 CRG724 CRG_CRITICAL",""
"","","","","CR2114",""
"","","","","CR2114 - Whiteboard",""
"","","","","CR2117 - Maternity - Med Rm",""
"","","","","CR2120 - On Call",""
"","","","","CR2141",""
"","","","","CR2141.1",""
"","","","","CR2142",""
"","","","","CR2143 - 2M7",""
"","","","","CR2144 - 2M6",""
"","","","","CR2145 - 2M5",""
"","","","","CR2146 - 2M4 CR2147",""
"","","","","CR2147 - 2M3 CR2146",""
"","","","","CR2148",""
"","","","","CR2148 - 2M2 - CR2143",""
"","","","","CR2149 - 2M1",""
"","","","","CR2161",""
"","","","","CR2161  Cuddles PC",""
"","","","","CR2165",""
"","","","","CR2168",""
"","","","","CR2170 - Maternity - Med Rm",""
"","","","","CR2171 Maternity",""
"","","","","CR2172",""
"","","","","CR2172   CRG724  CRG_CRITICAL",""
"","","","","CR2172 - Maternity",""
"","","","","CR2172 - Whiteboard",""
"","","","","CR2176",""
"","","","","CR2177",""
"","","","","CR2178",""
"","","","","CR2179",""
"","","","","CR2179 CRG724  CRG_CRITICAL",""
"","","","","CR2200",""
"","","","","CR2224",""
"","","","","CR2224 - Telemetry",""
"","","","","CR2225",""
"","","","","CR2225 - Telemetry",""
"","","","","CR2226",""
"","","","","CR2300 ICU",""
"","","","","CR2321",""
"","","","","CR2321 - ICU",""
"","","","","CR2322 - Cabinet / Craig's laptop",""
"","","","","CR2322 - ICU Collaboration",""
"","","","","CR2324",""
"","","","","CR2324 - ICU",""
"","","","","CR2324 - ICU Collaboration",""
"","","","","CR2328 - ICU- Med Rm",""
"","","","","CR2329 - ICU",""
"","","","","CR2330",""
"","","","","CR2330  CRG724  CRG_CRITCAL",""
"","","","","CR2331",""
"","","","","CR2331 - ICU",""
"","","","","CR2332",""
"","","","","CR2332 - ICU",""
"","","","","CR2335",""
"","","","","CR2335 - ICU",""
"","","","","CR2337 - ICU",""
"","","","","CR2401 - OR Booking",""
"","","","","CR2404 - OR Booking",""
"","","","","CR2404 - WFH",""
"","","","","CR2406 - OR Booking",""
"","","","","CR2407 - OR Booking",""
"","","","","CR2408 - OR Booking",""
"","","","","CR2409 - OR Booking",""
"","","","","CR2420",""
"","","","","CR2421 - key lock",""
"","","","","CR2503",""
"","","","","CR2503  Biomed",""
"","","","","CR2503  BIOMED",""
"","","","","CR2601 - Doctor Residence - Restricted Access",""
"","","","","CR2602  - Doctor Residence - Restricted Access",""
"","","","","CR2603  - Doctor Residence - Restricted Access",""
"","","","","CR2604 - Doctor Residence - Restricted Access",""
"","","","","CR2606 - Doctor Residence - Restricted Access",""
"","","","","CR2607 - Doctor Residence - Restricted Access",""
"","","","","CR2608 - Clinical Skills",""
"","","","","CR2700 hallway",""
"","","","","CR2700 Hallway - CR2043.2",""
"","","","","CR2700 Hallway CR2043.2",""
"","","","","CR2700 OR Raceway",""
"","","","","CR2701 - OR #1",""
"","","","","CR2701 OR #1",""
"","","","","CR2701 OR#1",""
"","","","","CR2702",""
"","","","","CR2702  OR #2",""
"","","","","CR2702 - OR #2",""
"","","","","CR2702 OR #2",""
"","","","","CR2703  OR #3",""
"","","","","CR2703 - OR #3",""
"","","","","CR2704 - OR #4",""
"","","","","CR2704 OR #4",""
"","","","","CR2706",""
"","","","","CR2800",""
"","","","","CR2800 SDC",""
"","","","","CR2800 SDC - Hallway",""
"","","","","CR2800 Surgical Daycare (Hallway)",""
"","","","","CR2808",""
"","","","","CR2808 SDC",""
"","","","","CR2820",""
"","","","","CR2820 - OR Control Rm Whiteboard",""
"","","","","CR2820  OR Control Room",""
"","","","","CR2820  OR Control Room  CRG_CRITICAL",""
"","","","","CR2820 - OR Control Room ?CRG_CRITICAL",""
"","","","","CR2825 SDC WHITEBOARD",""
"","","","","CR2826  CRG724  CRG_Critical SDC",""
"","","","","CR2826 SDC",""
"","","","","CR2829 - SDC - Med Rm",""
"","","","","CR2830  SDC Whiteboard",""
"","","","","CR2830 SDC",""
"","","","","CR2830 SDC Whiteboard",""
"","","","","CR2840 PACU",""
"","","","","CR2840 PACU Whiteboard",""
"","","","","CR2840 PACU WHITEBOARD",""
"","","","","CR2841 PACU",""
"","","","","CR2848 CR2800 PACU",""
"","","","","CR2853 - PACU - Med Rm",""
"","","","","CR2901",""
"","","","","CR2901 - Lab",""
"","","","","CR2901  LAB Whiteboard - removed",""
"","","","","CR2902 - Lab",""
"","","","","CR2902 Lab CRG724 CRG_CRITICAL",""
"","","","","CR2903",""
"","","","","CR2903 - Lab",""
"","","","","CR2905 - Lab",""
"","","","","CR2905 - Lab  CRG_WHITEBOARD",""
"","","","","CR2911 - Lab",""
"","","","","CR2912",""
"","","","","CR2912 - Histology Processing",""
"","","","","CR2912 - Histology Processing _ TRP",""
"","","","","CR2920 - computer Training",""
"","","","","CR2920 - Computer Training",""
"","","","","CR2926",""
"","","","","CR2927 - Pathologist",""
"","","","","CR2928 - Pathologist",""
"","","","","CR2929 - Pathologist - Key Lock",""
"","","","","CR2930",""
"","","","","CR2930 - Key Lock",""
"","","","","CR2931",""
"","","","","CR2932",""
"","","","","CR2933",""
"","","","","CR2934 - Key Lock",""
"","","","","CR2941 - Card Swipe",""
"","","","","CR2942 - Card Swipe",""
"","","","","CR2943 - Card Swipe",""
"","","","","CR2945 - Card Swipe",""
"","","","","CR3100 - 3B",""
"","","","","CR3120",""
"","","","","CR3120 - 3B",""
"","","","","CR3121 - 3B",""
"","","","","CR3122 - 3B Med Rm",""
"","","","","CR3129 - 3B",""
"","","","","CR3203",""
"","","","","CR3204 - 3A/B",""
"","","","","CR3205",""
"","","","","CR3205 / CR3921",""
"","","","","CR3209 - 3A/B",""
"","","","","CR3210",""
"","","","","CR3210 - 3A/B",""
"","","","","CR3210 - A/B Care",""
"","","","","CR3210 - not in CR3210",""
"","","","","CR3212 - 3A Activation Room",""
"","","","","CR3300",""
"","","","","CR3300 - 3A",""
"","","","","CR3300 - MedCart - 3A",""
"","","","","CR3320 - 3A",""
"","","","","CR3320 - 3A CRG724  CRG_CRITICAL",""
"","","","","CR3320 - 3A Whiteboard",""
"","","","","CR3321 - 3A",""
"","","","","CR3322 - 3A Med Rm",""
"","","","","CR3328 - 3A",""
"","","","","CR3328 - 3A Whiteboard",""
"","","","","CR3328 3A Far care Hub",""
"","","","","CR3700 - 3C",""
"","","","","CR3700 - 3C - Hallway",""
"","","","","CR3711 - 3C",""
"","","","","CR3720 - 3C",""
"","","","","CR3721 - 3C",""
"","","","","CR3722 - 3C Med Rm",""
"","","","","CR3729 - 3C",""
"","","","","CR3729 - 3C Whiteboard",""
"","","","","CR3730 - 3C",""
"","","","","CR3803",""
"","","","","CR3803 - not in CR3803",""
"","","","","CR3804 - 3C/D",""
"","","","","CR3805",""
"","","","","CR3809 - 3C/D",""
"","","","","CR3809 - 3C/D Whiteboard",""
"","","","","CR3810 - 3C/D",""
"","","","","CR3811 - 3C/D",""
"","","","","CR3812 - 3D Activation Room",""
"","","","","CR3900",""
"","","","","CR3900 - 3D",""
"","","","","CR3920 - 3D",""
"","","","","CR3920 - 3D Whiteboard",""
"","","","","CR3921",""
"","","","","CR3921 - 3D",""
"","","","","CR3922 - 3D Med Rm",""
"","","","","CR3929 - 3D",""
"","","","","CR3929 - 3D CERNER724",""
"","","","","CR3929 - 3D Whiteboard",""
"","","","","CR601 - IMIT",""
"","","","","CRG0601",""
"","","","","CSC Office",""
"","","","","CT1548 Pharmacy Night Cupboard",""
"","","","","Deployed to CR1101 - Meeting Room 1/2/3/7/8 - Key",""
"","","","","Desk 1",""
"","","","","Directors office",""
"","","","","DOCTOR ROOM #1",""
"","","","","Doctor's office",""
"","","","","Doctor's office #1 - Key lock",""
"","","","","Doctor's office appointment",""
"","","","","E1",""
"","","","","E4",""
"","","","","EDT",""
"","","","","Emergency",""
"","","","","Emergency Coordinator Office",""
"","","","","ER",""
"","","","","ER nursing station",""
"","","","","ER Nursing station",""
"","","","","Erin's office",""
"","","","","Exam Room #1 - 107C",""
"","","","","Exam Room #2 - 107D",""
"","","","","Exam Room #3 - 107E",""
"","","","","Exam Room #4 (115)",""
"","","","","False",""
"","","","","File Room",""
"","","","","Front Admin Area",""
"","","","","Front Desk",""
"","","","","Front office",""
"","","","","Front Office - Admin",""
"","","","","General Area",""
"","","","","GSS",""
"","","","","GSS - Admin",""
"","","","","GSS Area",""
"","","","","Hall Room",""
"","","","","HCN LPN desk",""
"","","","","HNC - North Team (x62170 AB)",""
"","","","","Home Support Nurse FTE",""
"","","","","Homestead North",""
"","","","","Homestead South",""
"","","","","Hospice Nurse's station",""
"","","","","Hospice Office",""
"","","","","HS North Team",""
"","","","","HS South Team",""
"","","","","HS Supervisor Office",""
"","","","","HSCL",""
"","","","","HSCL Area",""
"","","","","Irka Chambers' room",""
"","","","","IRONWOOD PLACE - 1351 Ironwood",""
"","","","","Julie Peters",""
"","","","","Kitchen Office - key lock",""
"","","","","LAB",""
"","","","","Leaders Office",""
"","","","","Leadership ? Jennifer Richardson",""
"","","","","LPN Nursing Desk",""
"","","","","main exam room (Doc room #1)",""
"","","","","Main Kitchen",""
"","","","","Main Kitchen - key lock",""
"","","","","main room",""
"","","","","Main- telehealth rooom (Doc room #2)",""
"","","","","Managers",""
"","","","","Manager's Office - key lock",""
"","","","","Manager's office - Key lock",""
"","","","","Mary CM",""
"","","","","Meeting Room",""
"","","","","Meeting Rooms 1-3",""
"","","","","Melanie Balfour works CRH/CVH",""
"","","","","Michelle McClain",""
"","","","","MSIP Coach",""
"","","","","Multipurpose Room - key lock",""
"","","","","Neva's laptop",""
"","","","","Nikol's Office",""
"","","","","North HCN",""
"","","","","North HCN - Andrea E",""
"","","","","North NSG ? Carmen Zmaeff",""
"","","","","North Team",""
"","","","","North Team - Diane",""
"","","","","North Team - Jeanna",""
"","","","","NOT FOUND",""
"","","","","Nurse Practitioner",""
"","","","","nurse practitioner - key lock",""
"","","","","Nurse Team Lead - key lock",""
"","","","","Nurses Office",""
"","","","","Nursing",""
"","","","","Nursing Station",""
"","","","","Occupational Therapist Room",""
"","","","","Office",""
"","","","","Office Coordinator",""
"","","","","Office Coordinators office",""
"","","","","Office South West corner.",""
"","","","","PACS Server Room",""
"","","","","Pall Co - Jeanna",""
"","","","","Palliative and End of Life Care area/ Attention Je",""
"","","","","Pharmacy Department",""
"","","","","Pharmacy Office",""
"","","","","Printer room",""
"","","","","Psychiatry - Last user: Dorothy Willis",""
"","","","","Reception",""
"","","","","Rm 122/Clinic Room 5",""
"","","","","Rm 188 Clinical Nurse Leader - key lock",""
"","","","","Rm 373A Staff Room - key lock",""
"","","","","RM11 - 3rd on Left",""
"","","","","Room 134",""
"","","","","Room 186 - Recreation Services office - key lock",""
"","","","","Scheduler Coordinator",""
"","","","","Scheduling LD032575 ? Community Health Services",""
"","","","","Scheduling Office",""
"","","","","Scheduling office",""
"","","","","Shared Admin Space",""
"","","","","Social Worker's office",""
"","","","","South Geo - new workstation",""
"","","","","South HCN - Kristy",""
"","","","","South Team - Angie",""
"","","","","South Team - HCN",""
"","","","","South Team - OT",""
"","","","","SW Office",""
"","","","","Swing Office",""
"","","","","Swing office",""
"","","","","Tahsis Health Centre",""
"","","","","Team Room - Desk 9",""
"","","","","Team Space -  Desk 18",""
"","","","","Team Space - Desk 1",""
"","","","","Team Space - Desk 7",""
"","","","","Team Space ? Desk 10",""
"","","","","Team Space ? Desk 11",""
"","","","","Team Space ? Desk 12",""
"","","","","Team Space ? Desk 13",""
"","","","","Team Space ? Desk 14",""
"","","","","Team Space ? Desk 16",""
"","","","","Team Space ? Desk 18",""
"","","","","Team Space ? Desk 2",""
"","","","","Team Space ? Desk 21",""
"","","","","Team Space ? Desk 22",""
"","","","","Team Space ? Desk 3",""
"","","","","Team Space ? Desk 4",""
"","","","","Team Space ? Desk 8",""
"","","","","Tech Cabinet",""
"","","","","Tech Cabinet - Laptop 2",""
"","","","","Tech Cabinet - Laptop 3",""
"","","","","Tech Cabinet - Laptop 6",""
"","","","","Tech Cabinet Laptop 3",""
"","","","","Tech Cabinet Laptop 5",""
"","","","","Telehealth",""
"","","","","Telehealth - key lock",""
"","","","","Tom.LeMesurier@islandhealth.ca",""
"","","","","Touch down",""
"","","","","touch down 3",""
"","","","","Touchdown 4",""
"","","","","Unit Clerk",""
"","","","","UNKNOWN",""
"","","","","unknown",""
"","","","","WFH",""
"","","","","WFH - Cheryl Jensen",""
"","","","","WFH - Meet at Lobby/Main Entrance",""
"","","","","WFH - WH213 Second Floor.",""
"","","","","WFH Whitehouse",""
"","","","","WH200",""
"","","","","WH201",""
"","","","","WH210",""
"","","","","WH211",""
"","","","","WH212",""
"","","","","WH213",""
"","","","","WH216",""
"","","","","WH217",""
"","","","","Whiteboard CR1932",""
"","","","","Woodland North",""
"","","","","Woodlands South Care Aide Station",""
"","","","","work from home",""
"","","","","Work from home",""
"","","","","Work From home",""
"","","","","Work From Home",""
"","","","","Work from Home ��darla.hunt@islandhealth.ca �(M) 250-507-7840",""
"","","","","XCR0601 - SOHO",""
"","","","","Xray dept",""
"","","","","Yucalta",""
"","","","","Yucalta Lodge Room 387 Maintenance Office - key lock",""
